filename,label
testbed_hittinghead_floor_106.mp4,selfharm
testbed_normal_552.mp4,normal
testbed_scratching_neck_4.mp4,selfharm
testbed_normal_323.mp4,normal
testbed_scratching_neck_78.mp4,selfharm
testbed_biting_53.mp4,selfharm
testbed_punching_wall_88.mp4,selfharm
testbed_normal_203.mp4,normal
testbed_hittinghead_floor_112.mp4,selfharm
testbed_scratching_arm_192.mp4,selfharm
testbed_normal_544.mp4,normal
testbed_normal_255.mp4,normal
testbed_selfharm_tool_27.mp4,selfharm
testbed_normal_215.mp4,normal
testbed_choking_cloth_9.mp4,selfharm
testbed_normal_21.mp4,normal
testbed_hittingbody_63.mp4,selfharm
testbed_punching_wall_91.mp4,selfharm
testbed_hittinghead_wall_32.mp4,selfharm
testbed_hittinghead_floor_126.mp4,selfharm
testbed_punching_floor_71.mp4,selfharm
testbed_scratching_arm_169.mp4,selfharm
testbed_kicking_wall_27.mp4,selfharm
testbed_scratching_neck_184.mp4,selfharm
testbed_scratching_neck_197.mp4,selfharm
testbed_normal_290.mp4,normal
testbed_normal_600.mp4,normal
testbed_hittinghead_wall_83.mp4,selfharm
testbed_normal_430.mp4,normal
testbed_choking_cloth_26.mp4,selfharm
testbed_normal_59.mp4,normal
testbed_scratching_arm_183.mp4,selfharm
testbed_normal_612.mp4,normal
testbed_punching_floor_120.mp4,selfharm
testbed_scratching_arm_129.mp4,selfharm
testbed_normal_35.mp4,normal
testbed_normal_427.mp4,normal
testbed_choking_cloth_77.mp4,selfharm
testbed_scratching_neck_2.mp4,selfharm
testbed_punching_floor_102.mp4,selfharm
testbed_scratching_neck_130.mp4,selfharm
testbed_punching_wall_123.mp4,selfharm
testbed_normal_171.mp4,normal
testbed_normal_226.mp4,normal
testbed_normal_70.mp4,normal
testbed_punching_floor_86.mp4,selfharm
testbed_normal_387.mp4,normal
testbed_normal_502.mp4,normal
testbed_scratching_arm_182.mp4,selfharm
testbed_choking_hand_53.mp4,selfharm
testbed_scratching_neck_100.mp4,selfharm
testbed_normal_458.mp4,normal
testbed_normal_247.mp4,normal
testbed_normal_529.mp4,normal
testbed_normal_87.mp4,normal
testbed_punching_floor_63.mp4,selfharm
testbed_scratching_arm_91.mp4,selfharm
testbed_kicking_wall_72.mp4,selfharm
testbed_normal_155.mp4,normal
testbed_choking_hand_16.mp4,selfharm
testbed_normal_400.mp4,normal
testbed_scratching_arm_119.mp4,selfharm
testbed_punching_floor_44.mp4,selfharm
testbed_kicking_wall_66.mp4,selfharm
testbed_normal_357.mp4,normal
testbed_normal_474.mp4,normal
testbed_punching_wall_19.mp4,selfharm
testbed_punching_wall_101.mp4,selfharm
testbed_punching_floor_134.mp4,selfharm
testbed_hittinghead_wall_44.mp4,selfharm
testbed_normal_157.mp4,normal
testbed_choking_cloth_20.mp4,selfharm
testbed_scratching_neck_118.mp4,selfharm
testbed_normal_403.mp4,normal
testbed_punching_floor_48.mp4,selfharm
testbed_punching_wall_27.mp4,selfharm
testbed_choking_cloth_49.mp4,selfharm
testbed_normal_273.mp4,normal
testbed_hittinghead_floor_74.mp4,selfharm
testbed_biting_129.mp4,selfharm
testbed_selfharm_tool_59.mp4,selfharm
testbed_biting_40.mp4,selfharm
testbed_punching_floor_16.mp4,selfharm
testbed_scratching_neck_93.mp4,selfharm
testbed_normal_496.mp4,normal
testbed_choking_cloth_21.mp4,selfharm
testbed_normal_437.mp4,normal
testbed_hittinghead_floor_5.mp4,selfharm
testbed_punching_floor_23.mp4,selfharm
testbed_choking_hand_9.mp4,selfharm
testbed_biting_36.mp4,selfharm
testbed_punching_wall_70.mp4,selfharm
testbed_selfharm_tool_37.mp4,selfharm
testbed_normal_381.mp4,normal
testbed_choking_hand_61.mp4,selfharm
testbed_selfharm_tool_41.mp4,selfharm
testbed_scratching_arm_135.mp4,selfharm
testbed_hittinghead_floor_25.mp4,selfharm
testbed_biting_15.mp4,selfharm
testbed_scratching_neck_179.mp4,selfharm
testbed_scratching_neck_166.mp4,selfharm
testbed_normal_128.mp4,normal
testbed_normal_609.mp4,normal
testbed_kicking_wall_46.mp4,selfharm
testbed_choking_cloth_39.mp4,selfharm
testbed_scratching_neck_180.mp4,selfharm
testbed_normal_58.mp4,normal
testbed_normal_291.mp4,normal
testbed_normal_141.mp4,normal
testbed_biting_19.mp4,selfharm
testbed_normal_180.mp4,normal
testbed_scratching_arm_42.mp4,selfharm
testbed_punching_floor_59.mp4,selfharm
testbed_normal_232.mp4,normal
testbed_normal_252.mp4,normal
testbed_choking_hand_8.mp4,selfharm
testbed_punching_floor_99.mp4,selfharm
testbed_scratching_arm_69.mp4,selfharm
testbed_biting_45.mp4,selfharm
testbed_normal_477.mp4,normal
testbed_choking_cloth_68.mp4,selfharm
testbed_hittinghead_floor_6.mp4,selfharm
testbed_hittinghead_floor_120.mp4,selfharm
testbed_scratching_neck_42.mp4,selfharm
testbed_hittingbody_21.mp4,selfharm
testbed_hittinghead_floor_131.mp4,selfharm
testbed_scratching_arm_149.mp4,selfharm
testbed_biting_37.mp4,selfharm
testbed_normal_38.mp4,normal
testbed_biting_96.mp4,selfharm
testbed_hittinghead_floor_125.mp4,selfharm
testbed_hittingbody_82.mp4,selfharm
testbed_biting_143.mp4,selfharm
testbed_punching_floor_65.mp4,selfharm
testbed_hittinghead_floor_113.mp4,selfharm
testbed_normal_480.mp4,normal
testbed_scratching_neck_39.mp4,selfharm
testbed_choking_cloth_85.mp4,selfharm
testbed_hittinghead_wall_103.mp4,selfharm
testbed_hittinghead_wall_27.mp4,selfharm
testbed_normal_258.mp4,normal
testbed_punching_wall_48.mp4,selfharm
testbed_biting_112.mp4,selfharm
testbed_biting_68.mp4,selfharm
testbed_hittinghead_floor_86.mp4,selfharm
testbed_scratching_neck_21.mp4,selfharm
testbed_normal_399.mp4,normal
testbed_choking_hand_32.mp4,selfharm
testbed_biting_24.mp4,selfharm
testbed_scratching_arm_130.mp4,selfharm
testbed_kicking_wall_28.mp4,selfharm
testbed_hittinghead_wall_78.mp4,selfharm
testbed_punching_floor_112.mp4,selfharm
testbed_hittinghead_floor_57.mp4,selfharm
testbed_hittingbody_24.mp4,selfharm
testbed_normal_7.mp4,normal
testbed_normal_493.mp4,normal
testbed_choking_cloth_52.mp4,selfharm
testbed_normal_384.mp4,normal
testbed_punching_floor_64.mp4,selfharm
testbed_choking_cloth_71.mp4,selfharm
testbed_punching_floor_84.mp4,selfharm
testbed_normal_610.mp4,normal
testbed_normal_219.mp4,normal
testbed_normal_618.mp4,normal
testbed_normal_175.mp4,normal
testbed_normal_328.mp4,normal
testbed_hittinghead_floor_47.mp4,selfharm
testbed_hittingbody_32.mp4,selfharm
testbed_biting_16.mp4,selfharm
testbed_hittingbody_84.mp4,selfharm
testbed_normal_159.mp4,normal
testbed_selfharm_tool_32.mp4,selfharm
testbed_scratching_arm_33.mp4,selfharm
testbed_scratching_arm_168.mp4,selfharm
testbed_scratching_arm_108.mp4,selfharm
testbed_scratching_arm_167.mp4,selfharm
testbed_hittingbody_74.mp4,selfharm
testbed_normal_534.mp4,normal
testbed_punching_wall_14.mp4,selfharm
testbed_kicking_wall_67.mp4,selfharm
testbed_selfharm_tool_31.mp4,selfharm
testbed_punching_floor_93.mp4,selfharm
testbed_punching_wall_116.mp4,selfharm
testbed_normal_463.mp4,normal
testbed_normal_525.mp4,normal
testbed_hittinghead_floor_56.mp4,selfharm
testbed_choking_cloth_23.mp4,selfharm
testbed_scratching_arm_121.mp4,selfharm
testbed_biting_140.mp4,selfharm
testbed_normal_345.mp4,normal
testbed_scratching_arm_43.mp4,selfharm
testbed_normal_519.mp4,normal
testbed_normal_200.mp4,normal
testbed_scratching_arm_150.mp4,selfharm
testbed_hittinghead_floor_9.mp4,selfharm
testbed_punching_wall_58.mp4,selfharm
testbed_choking_cloth_27.mp4,selfharm
testbed_scratching_arm_6.mp4,selfharm
testbed_punching_floor_85.mp4,selfharm
testbed_scratching_arm_123.mp4,selfharm
testbed_scratching_neck_127.mp4,selfharm
testbed_punching_floor_123.mp4,selfharm
testbed_punching_wall_71.mp4,selfharm
testbed_punching_wall_141.mp4,selfharm
testbed_punching_floor_35.mp4,selfharm
testbed_scratching_neck_195.mp4,selfharm
testbed_scratching_neck_61.mp4,selfharm
testbed_biting_92.mp4,selfharm
testbed_scratching_neck_170.mp4,selfharm
testbed_hittingbody_95.mp4,selfharm
testbed_choking_cloth_47.mp4,selfharm
testbed_scratching_neck_199.mp4,selfharm
testbed_normal_262.mp4,normal
testbed_normal_599.mp4,normal
testbed_choking_hand_38.mp4,selfharm
testbed_scratching_arm_29.mp4,selfharm
testbed_scratching_neck_26.mp4,selfharm
testbed_hittinghead_floor_98.mp4,selfharm
testbed_biting_99.mp4,selfharm
testbed_normal_259.mp4,normal
testbed_punching_wall_63.mp4,selfharm
testbed_normal_304.mp4,normal
testbed_scratching_neck_23.mp4,selfharm
testbed_punching_wall_93.mp4,selfharm
testbed_normal_148.mp4,normal
testbed_scratching_neck_62.mp4,selfharm
testbed_normal_108.mp4,normal
testbed_choking_cloth_66.mp4,selfharm
testbed_biting_9.mp4,selfharm
testbed_choking_cloth_53.mp4,selfharm
testbed_punching_wall_132.mp4,selfharm
testbed_normal_49.mp4,normal
testbed_scratching_neck_154.mp4,selfharm
testbed_choking_cloth_6.mp4,selfharm
testbed_scratching_arm_193.mp4,selfharm
testbed_punching_floor_126.mp4,selfharm
testbed_hittingbody_99.mp4,selfharm
testbed_biting_7.mp4,selfharm
testbed_scratching_arm_104.mp4,selfharm
testbed_selfharm_tool_19.mp4,selfharm
testbed_normal_598.mp4,normal
testbed_punching_wall_20.mp4,selfharm
testbed_normal_310.mp4,normal
testbed_scratching_arm_160.mp4,selfharm
testbed_hittinghead_wall_76.mp4,selfharm
testbed_hittinghead_wall_125.mp4,selfharm
testbed_punching_wall_135.mp4,selfharm
testbed_hittinghead_floor_102.mp4,selfharm
testbed_hittinghead_wall_16.mp4,selfharm
testbed_biting_12.mp4,selfharm
testbed_normal_29.mp4,normal
testbed_biting_123.mp4,selfharm
testbed_selfharm_tool_34.mp4,selfharm
testbed_punching_wall_46.mp4,selfharm
testbed_scratching_neck_3.mp4,selfharm
testbed_hittinghead_floor_96.mp4,selfharm
testbed_scratching_neck_59.mp4,selfharm
testbed_normal_611.mp4,normal
testbed_kicking_wall_37.mp4,selfharm
testbed_choking_hand_37.mp4,selfharm
testbed_punching_wall_79.mp4,selfharm
testbed_punching_wall_73.mp4,selfharm
testbed_choking_cloth_40.mp4,selfharm
testbed_scratching_arm_201.mp4,selfharm
testbed_hittinghead_floor_77.mp4,selfharm
testbed_biting_154.mp4,selfharm
testbed_hittinghead_floor_130.mp4,selfharm
testbed_hittinghead_floor_45.mp4,selfharm
testbed_normal_548.mp4,normal
testbed_punching_floor_13.mp4,selfharm
testbed_hittinghead_wall_46.mp4,selfharm
testbed_normal_444.mp4,normal
testbed_punching_floor_119.mp4,selfharm
testbed_normal_46.mp4,normal
testbed_normal_43.mp4,normal
testbed_choking_hand_39.mp4,selfharm
testbed_kicking_wall_14.mp4,selfharm
testbed_normal_355.mp4,normal
testbed_scratching_neck_136.mp4,selfharm
testbed_normal_451.mp4,normal
testbed_hittinghead_wall_120.mp4,selfharm
testbed_biting_66.mp4,selfharm
testbed_scratching_arm_166.mp4,selfharm
testbed_normal_143.mp4,normal
testbed_punching_wall_51.mp4,selfharm
testbed_normal_277.mp4,normal
testbed_scratching_arm_38.mp4,selfharm
testbed_punching_wall_22.mp4,selfharm
testbed_choking_cloth_74.mp4,selfharm
testbed_punching_wall_21.mp4,selfharm
testbed_hittinghead_wall_7.mp4,selfharm
testbed_scratching_neck_112.mp4,selfharm
testbed_scratching_arm_148.mp4,selfharm
testbed_hittingbody_117.mp4,selfharm
testbed_biting_23.mp4,selfharm
testbed_biting_97.mp4,selfharm
testbed_scratching_neck_128.mp4,selfharm
testbed_biting_62.mp4,selfharm
testbed_normal_86.mp4,normal
testbed_hittinghead_floor_99.mp4,selfharm
testbed_scratching_neck_124.mp4,selfharm
testbed_normal_20.mp4,normal
testbed_normal_269.mp4,normal
testbed_normal_130.mp4,normal
testbed_hittinghead_wall_80.mp4,selfharm
testbed_scratching_neck_158.mp4,selfharm
testbed_punching_floor_109.mp4,selfharm
testbed_hittinghead_floor_44.mp4,selfharm
testbed_normal_348.mp4,normal
testbed_hittingbody_87.mp4,selfharm
testbed_hittinghead_floor_83.mp4,selfharm
testbed_scratching_neck_44.mp4,selfharm
testbed_punching_wall_3.mp4,selfharm
testbed_punching_wall_99.mp4,selfharm
testbed_biting_110.mp4,selfharm
testbed_normal_103.mp4,normal
testbed_scratching_arm_75.mp4,selfharm
testbed_normal_213.mp4,normal
testbed_normal_218.mp4,normal
testbed_normal_94.mp4,normal
testbed_biting_10.mp4,selfharm
testbed_normal_25.mp4,normal
testbed_punching_floor_97.mp4,selfharm
testbed_normal_11.mp4,normal
testbed_biting_18.mp4,selfharm
testbed_hittingbody_100.mp4,selfharm
testbed_normal_359.mp4,normal
testbed_kicking_wall_62.mp4,selfharm
testbed_normal_18.mp4,normal
testbed_punching_floor_40.mp4,selfharm
testbed_hittinghead_wall_29.mp4,selfharm
testbed_hittinghead_wall_144.mp4,selfharm
testbed_hittingbody_90.mp4,selfharm
testbed_scratching_arm_2.mp4,selfharm
testbed_normal_579.mp4,normal
testbed_punching_floor_11.mp4,selfharm
testbed_normal_620.mp4,normal
testbed_normal_465.mp4,normal
testbed_scratching_neck_45.mp4,selfharm
testbed_hittingbody_104.mp4,selfharm
testbed_normal_241.mp4,normal
testbed_normal_615.mp4,normal
testbed_biting_118.mp4,selfharm
testbed_scratching_arm_49.mp4,selfharm
testbed_scratching_arm_116.mp4,selfharm
testbed_normal_329.mp4,normal
testbed_biting_102.mp4,selfharm
testbed_hittingbody_127.mp4,selfharm
testbed_kicking_wall_52.mp4,selfharm
testbed_hittinghead_floor_140.mp4,selfharm
testbed_punching_wall_133.mp4,selfharm
testbed_scratching_arm_111.mp4,selfharm
testbed_scratching_arm_13.mp4,selfharm
testbed_choking_cloth_81.mp4,selfharm
testbed_normal_184.mp4,normal
testbed_normal_64.mp4,normal
testbed_normal_498.mp4,normal
testbed_choking_hand_29.mp4,selfharm
testbed_normal_360.mp4,normal
testbed_scratching_neck_190.mp4,selfharm
testbed_hittingbody_66.mp4,selfharm
testbed_punching_floor_104.mp4,selfharm
testbed_punching_wall_39.mp4,selfharm
testbed_punching_floor_88.mp4,selfharm
testbed_scratching_arm_105.mp4,selfharm
testbed_biting_17.mp4,selfharm
testbed_selfharm_tool_49.mp4,selfharm
testbed_punching_wall_107.mp4,selfharm
testbed_scratching_arm_141.mp4,selfharm
testbed_normal_8.mp4,normal
testbed_choking_cloth_13.mp4,selfharm
testbed_normal_454.mp4,normal
testbed_scratching_neck_111.mp4,selfharm
testbed_choking_hand_30.mp4,selfharm
testbed_normal_617.mp4,normal
testbed_scratching_neck_34.mp4,selfharm
testbed_normal_13.mp4,normal
testbed_punching_floor_41.mp4,selfharm
testbed_scratching_neck_73.mp4,selfharm
testbed_normal_179.mp4,normal
testbed_scratching_arm_157.mp4,selfharm
testbed_biting_74.mp4,selfharm
testbed_scratching_arm_189.mp4,selfharm
testbed_hittinghead_wall_128.mp4,selfharm
testbed_punching_wall_126.mp4,selfharm
testbed_normal_221.mp4,normal
testbed_hittingbody_43.mp4,selfharm
testbed_kicking_wall_23.mp4,selfharm
testbed_punching_floor_6.mp4,selfharm
testbed_scratching_neck_95.mp4,selfharm
testbed_scratching_arm_90.mp4,selfharm
testbed_scratching_neck_101.mp4,selfharm
testbed_scratching_neck_94.mp4,selfharm
testbed_normal_92.mp4,normal
testbed_normal_39.mp4,normal
testbed_scratching_arm_24.mp4,selfharm
testbed_punching_wall_98.mp4,selfharm
testbed_scratching_neck_11.mp4,selfharm
testbed_punching_floor_3.mp4,selfharm
testbed_punching_floor_45.mp4,selfharm
testbed_choking_cloth_69.mp4,selfharm
testbed_biting_48.mp4,selfharm
testbed_biting_126.mp4,selfharm
testbed_scratching_arm_110.mp4,selfharm
testbed_hittingbody_106.mp4,selfharm
testbed_scratching_arm_106.mp4,selfharm
testbed_scratching_neck_159.mp4,selfharm
testbed_selfharm_tool_22.mp4,selfharm
testbed_normal_462.mp4,normal
testbed_normal_235.mp4,normal
testbed_punching_floor_68.mp4,selfharm
testbed_choking_hand_49.mp4,selfharm
testbed_scratching_arm_9.mp4,selfharm
testbed_hittinghead_floor_138.mp4,selfharm
testbed_kicking_wall_29.mp4,selfharm
testbed_selfharm_tool_10.mp4,selfharm
testbed_normal_93.mp4,normal
testbed_hittingbody_112.mp4,selfharm
testbed_normal_81.mp4,normal
testbed_normal_587.mp4,normal
testbed_scratching_neck_129.mp4,selfharm
testbed_biting_158.mp4,selfharm
testbed_normal_365.mp4,normal
testbed_biting_98.mp4,selfharm
testbed_hittingbody_118.mp4,selfharm
testbed_normal_41.mp4,normal
testbed_kicking_wall_32.mp4,selfharm
testbed_normal_486.mp4,normal
testbed_selfharm_tool_57.mp4,selfharm
testbed_normal_9.mp4,normal
testbed_scratching_arm_176.mp4,selfharm
testbed_hittingbody_130.mp4,selfharm
testbed_kicking_wall_34.mp4,selfharm
testbed_choking_cloth_4.mp4,selfharm
testbed_scratching_neck_71.mp4,selfharm
testbed_hittinghead_wall_85.mp4,selfharm
testbed_biting_125.mp4,selfharm
testbed_punching_wall_64.mp4,selfharm
testbed_choking_hand_52.mp4,selfharm
testbed_normal_318.mp4,normal
testbed_hittinghead_wall_14.mp4,selfharm
testbed_scratching_arm_32.mp4,selfharm
testbed_choking_cloth_87.mp4,selfharm
testbed_normal_5.mp4,normal
testbed_kicking_wall_30.mp4,selfharm
testbed_scratching_neck_5.mp4,selfharm
testbed_scratching_arm_56.mp4,selfharm
testbed_hittinghead_wall_8.mp4,selfharm
testbed_hittinghead_floor_122.mp4,selfharm
testbed_biting_134.mp4,selfharm
testbed_scratching_neck_69.mp4,selfharm
testbed_biting_75.mp4,selfharm
testbed_punching_floor_80.mp4,selfharm
testbed_selfharm_tool_54.mp4,selfharm
testbed_scratching_arm_198.mp4,selfharm
testbed_hittinghead_wall_130.mp4,selfharm
testbed_normal_47.mp4,normal
testbed_punching_wall_129.mp4,selfharm
testbed_punching_wall_12.mp4,selfharm
testbed_normal_90.mp4,normal
testbed_choking_cloth_28.mp4,selfharm
testbed_scratching_neck_20.mp4,selfharm
testbed_normal_510.mp4,normal
testbed_normal_568.mp4,normal
testbed_hittinghead_floor_84.mp4,selfharm
testbed_normal_370.mp4,normal
testbed_normal_177.mp4,normal
testbed_hittinghead_wall_60.mp4,selfharm
testbed_scratching_neck_138.mp4,selfharm
testbed_hittingbody_92.mp4,selfharm
testbed_scratching_neck_115.mp4,selfharm
testbed_scratching_arm_67.mp4,selfharm
testbed_choking_cloth_70.mp4,selfharm
testbed_normal_71.mp4,normal
testbed_scratching_neck_117.mp4,selfharm
testbed_scratching_neck_148.mp4,selfharm
testbed_punching_wall_76.mp4,selfharm
testbed_normal_276.mp4,normal
testbed_scratching_arm_85.mp4,selfharm
testbed_punching_wall_82.mp4,selfharm
testbed_punching_floor_90.mp4,selfharm
testbed_scratching_neck_147.mp4,selfharm
testbed_normal_442.mp4,normal
testbed_punching_floor_72.mp4,selfharm
testbed_hittinghead_floor_28.mp4,selfharm
testbed_scratching_arm_63.mp4,selfharm
testbed_punching_wall_138.mp4,selfharm
testbed_kicking_wall_18.mp4,selfharm
testbed_scratching_arm_27.mp4,selfharm
testbed_punching_wall_140.mp4,selfharm
testbed_normal_341.mp4,normal
testbed_hittinghead_wall_69.mp4,selfharm
testbed_hittinghead_wall_74.mp4,selfharm
testbed_punching_wall_13.mp4,selfharm
testbed_choking_hand_69.mp4,selfharm
testbed_punching_floor_113.mp4,selfharm
testbed_normal_176.mp4,normal
testbed_scratching_neck_17.mp4,selfharm
testbed_hittinghead_wall_141.mp4,selfharm
testbed_hittinghead_floor_129.mp4,selfharm
testbed_biting_43.mp4,selfharm
testbed_selfharm_tool_3.mp4,selfharm
testbed_choking_hand_65.mp4,selfharm
testbed_biting_64.mp4,selfharm
testbed_hittingbody_60.mp4,selfharm
testbed_biting_124.mp4,selfharm
testbed_normal_95.mp4,normal
testbed_normal_319.mp4,normal
testbed_punching_floor_10.mp4,selfharm
testbed_scratching_neck_57.mp4,selfharm
testbed_kicking_wall_35.mp4,selfharm
testbed_selfharm_tool_2.mp4,selfharm
testbed_hittingbody_56.mp4,selfharm
testbed_scratching_neck_116.mp4,selfharm
testbed_punching_floor_58.mp4,selfharm
testbed_punching_floor_96.mp4,selfharm
testbed_hittinghead_wall_102.mp4,selfharm
testbed_normal_55.mp4,normal
testbed_scratching_arm_138.mp4,selfharm
testbed_scratching_neck_106.mp4,selfharm
testbed_normal_404.mp4,normal
testbed_normal_149.mp4,normal
testbed_normal_125.mp4,normal
testbed_hittinghead_wall_57.mp4,selfharm
testbed_normal_289.mp4,normal
testbed_kicking_wall_31.mp4,selfharm
testbed_normal_205.mp4,normal
testbed_hittinghead_floor_147.mp4,selfharm
testbed_hittinghead_wall_36.mp4,selfharm
testbed_choking_hand_64.mp4,selfharm
testbed_biting_107.mp4,selfharm
testbed_biting_55.mp4,selfharm
testbed_scratching_neck_14.mp4,selfharm
testbed_normal_375.mp4,normal
testbed_normal_431.mp4,normal
testbed_scratching_neck_48.mp4,selfharm
testbed_hittingbody_52.mp4,selfharm
testbed_scratching_arm_3.mp4,selfharm
testbed_punching_wall_120.mp4,selfharm
testbed_punching_wall_94.mp4,selfharm
testbed_normal_602.mp4,normal
testbed_hittinghead_floor_17.mp4,selfharm
testbed_punching_wall_72.mp4,selfharm
testbed_hittinghead_floor_4.mp4,selfharm
testbed_scratching_arm_113.mp4,selfharm
testbed_normal_45.mp4,normal
testbed_selfharm_tool_60.mp4,selfharm
testbed_normal_120.mp4,normal
testbed_biting_149.mp4,selfharm
testbed_scratching_neck_74.mp4,selfharm
testbed_normal_460.mp4,normal
testbed_normal_559.mp4,normal
testbed_biting_47.mp4,selfharm
testbed_biting_27.mp4,selfharm
testbed_kicking_wall_68.mp4,selfharm
testbed_kicking_wall_43.mp4,selfharm
testbed_biting_86.mp4,selfharm
testbed_normal_26.mp4,normal
testbed_normal_229.mp4,normal
testbed_normal_308.mp4,normal
testbed_selfharm_tool_52.mp4,selfharm
testbed_normal_144.mp4,normal
testbed_scratching_neck_65.mp4,selfharm
testbed_normal_521.mp4,normal
testbed_scratching_arm_154.mp4,selfharm
testbed_choking_cloth_83.mp4,selfharm
testbed_scratching_neck_18.mp4,selfharm
testbed_hittingbody_62.mp4,selfharm
testbed_normal_216.mp4,normal
testbed_normal_265.mp4,normal
testbed_scratching_neck_160.mp4,selfharm
testbed_scratching_arm_72.mp4,selfharm
testbed_scratching_arm_14.mp4,selfharm
testbed_scratching_arm_178.mp4,selfharm
testbed_scratching_neck_70.mp4,selfharm
testbed_punching_floor_26.mp4,selfharm
testbed_choking_hand_28.mp4,selfharm
testbed_hittinghead_wall_68.mp4,selfharm
testbed_scratching_neck_103.mp4,selfharm
testbed_normal_378.mp4,normal
testbed_hittinghead_floor_23.mp4,selfharm
testbed_hittinghead_floor_66.mp4,selfharm
testbed_punching_floor_47.mp4,selfharm
testbed_punching_wall_17.mp4,selfharm
testbed_scratching_neck_155.mp4,selfharm
testbed_hittinghead_floor_52.mp4,selfharm
testbed_normal_309.mp4,normal
testbed_hittinghead_floor_71.mp4,selfharm
testbed_scratching_arm_35.mp4,selfharm
testbed_normal_396.mp4,normal
testbed_selfharm_tool_15.mp4,selfharm
testbed_biting_5.mp4,selfharm
testbed_hittinghead_floor_33.mp4,selfharm
testbed_normal_569.mp4,normal
testbed_biting_34.mp4,selfharm
testbed_choking_hand_12.mp4,selfharm
testbed_scratching_arm_196.mp4,selfharm
testbed_hittinghead_floor_50.mp4,selfharm
testbed_punching_wall_128.mp4,selfharm
testbed_hittingbody_78.mp4,selfharm
testbed_normal_233.mp4,normal
testbed_normal_452.mp4,normal
testbed_scratching_arm_82.mp4,selfharm
testbed_biting_6.mp4,selfharm
testbed_punching_floor_33.mp4,selfharm
testbed_scratching_arm_61.mp4,selfharm
testbed_hittingbody_1.mp4,selfharm
testbed_hittinghead_floor_10.mp4,selfharm
testbed_normal_123.mp4,normal
testbed_hittingbody_33.mp4,selfharm
testbed_punching_wall_105.mp4,selfharm
testbed_normal_27.mp4,normal
testbed_punching_wall_103.mp4,selfharm
testbed_hittinghead_wall_96.mp4,selfharm
testbed_normal_590.mp4,normal
testbed_hittingbody_96.mp4,selfharm
testbed_normal_288.mp4,normal
testbed_scratching_arm_147.mp4,selfharm
testbed_scratching_arm_205.mp4,selfharm
testbed_normal_220.mp4,normal
testbed_biting_108.mp4,selfharm
testbed_normal_84.mp4,normal
testbed_scratching_neck_141.mp4,selfharm
testbed_normal_119.mp4,normal
testbed_normal_139.mp4,normal
testbed_biting_133.mp4,selfharm
testbed_hittinghead_floor_92.mp4,selfharm
testbed_scratching_neck_168.mp4,selfharm
testbed_scratching_neck_140.mp4,selfharm
testbed_biting_4.mp4,selfharm
testbed_normal_260.mp4,normal
testbed_hittingbody_108.mp4,selfharm
testbed_hittingbody_42.mp4,selfharm
testbed_normal_188.mp4,normal
testbed_biting_114.mp4,selfharm
testbed_scratching_neck_177.mp4,selfharm
testbed_normal_566.mp4,normal
testbed_hittingbody_7.mp4,selfharm
testbed_biting_83.mp4,selfharm
testbed_biting_70.mp4,selfharm
testbed_scratching_neck_63.mp4,selfharm
testbed_normal_52.mp4,normal
testbed_hittingbody_15.mp4,selfharm
testbed_normal_295.mp4,normal
testbed_selfharm_tool_17.mp4,selfharm
testbed_biting_80.mp4,selfharm
testbed_punching_wall_29.mp4,selfharm
testbed_scratching_arm_30.mp4,selfharm
testbed_punching_wall_131.mp4,selfharm
testbed_scratching_arm_92.mp4,selfharm
testbed_normal_271.mp4,normal
testbed_hittinghead_wall_22.mp4,selfharm
testbed_hittingbody_64.mp4,selfharm
testbed_scratching_arm_51.mp4,selfharm
testbed_scratching_neck_51.mp4,selfharm
testbed_scratching_arm_87.mp4,selfharm
testbed_punching_wall_1.mp4,selfharm
testbed_scratching_neck_76.mp4,selfharm
testbed_choking_hand_26.mp4,selfharm
testbed_scratching_neck_105.mp4,selfharm
testbed_scratching_neck_98.mp4,selfharm
testbed_hittinghead_wall_88.mp4,selfharm
testbed_hittinghead_wall_54.mp4,selfharm
testbed_biting_160.mp4,selfharm
testbed_scratching_arm_28.mp4,selfharm
testbed_normal_78.mp4,normal
testbed_normal_330.mp4,normal
testbed_hittingbody_69.mp4,selfharm
testbed_normal_275.mp4,normal
testbed_biting_142.mp4,selfharm
testbed_choking_cloth_41.mp4,selfharm
testbed_scratching_neck_60.mp4,selfharm
testbed_scratching_neck_1.mp4,selfharm
testbed_hittingbody_44.mp4,selfharm
testbed_normal_112.mp4,normal
testbed_punching_wall_16.mp4,selfharm
testbed_scratching_arm_94.mp4,selfharm
testbed_choking_hand_67.mp4,selfharm
testbed_normal_581.mp4,normal
testbed_biting_72.mp4,selfharm
testbed_hittinghead_wall_52.mp4,selfharm
testbed_punching_wall_86.mp4,selfharm
testbed_hittinghead_floor_8.mp4,selfharm
testbed_hittinghead_floor_51.mp4,selfharm
testbed_scratching_arm_18.mp4,selfharm
testbed_scratching_arm_115.mp4,selfharm
testbed_punching_floor_42.mp4,selfharm
testbed_normal_335.mp4,normal
testbed_normal_495.mp4,normal
testbed_hittinghead_wall_118.mp4,selfharm
testbed_hittinghead_wall_95.mp4,selfharm
testbed_punching_floor_127.mp4,selfharm
testbed_choking_cloth_63.mp4,selfharm
testbed_scratching_neck_64.mp4,selfharm
testbed_normal_106.mp4,normal
testbed_hittinghead_wall_67.mp4,selfharm
testbed_normal_362.mp4,normal
testbed_hittingbody_11.mp4,selfharm
testbed_normal_353.mp4,normal
testbed_punching_floor_83.mp4,selfharm
testbed_biting_57.mp4,selfharm
testbed_biting_33.mp4,selfharm
testbed_normal_62.mp4,normal
testbed_scratching_neck_53.mp4,selfharm
testbed_normal_556.mp4,normal
testbed_normal_535.mp4,normal
testbed_scratching_arm_36.mp4,selfharm
testbed_normal_50.mp4,normal
testbed_normal_501.mp4,normal
testbed_punching_wall_4.mp4,selfharm
testbed_scratching_neck_123.mp4,selfharm
testbed_scratching_neck_198.mp4,selfharm
testbed_punching_wall_92.mp4,selfharm
testbed_normal_12.mp4,normal
testbed_punching_floor_60.mp4,selfharm
testbed_choking_hand_5.mp4,selfharm
testbed_normal_284.mp4,normal
testbed_normal_588.mp4,normal
testbed_hittinghead_floor_53.mp4,selfharm
testbed_hittingbody_71.mp4,selfharm
testbed_normal_484.mp4,normal
testbed_scratching_arm_177.mp4,selfharm
testbed_normal_61.mp4,normal
testbed_scratching_arm_185.mp4,selfharm
testbed_choking_cloth_62.mp4,selfharm
testbed_punching_wall_78.mp4,selfharm
testbed_hittingbody_122.mp4,selfharm
testbed_normal_592.mp4,normal
testbed_normal_487.mp4,normal
testbed_choking_cloth_91.mp4,selfharm
testbed_scratching_neck_107.mp4,selfharm
testbed_punching_wall_9.mp4,selfharm
testbed_scratching_neck_145.mp4,selfharm
testbed_punching_floor_132.mp4,selfharm
testbed_biting_87.mp4,selfharm
testbed_kicking_wall_56.mp4,selfharm
testbed_punching_floor_37.mp4,selfharm
testbed_normal_202.mp4,normal
testbed_kicking_wall_48.mp4,selfharm
testbed_punching_wall_144.mp4,selfharm
testbed_scratching_neck_114.mp4,selfharm
testbed_hittinghead_wall_137.mp4,selfharm
testbed_scratching_arm_152.mp4,selfharm
testbed_normal_292.mp4,normal
testbed_normal_338.mp4,normal
testbed_punching_wall_61.mp4,selfharm
testbed_choking_cloth_46.mp4,selfharm
testbed_normal_563.mp4,normal
testbed_punching_wall_15.mp4,selfharm
testbed_normal_57.mp4,normal
testbed_hittinghead_floor_38.mp4,selfharm
testbed_normal_392.mp4,normal
testbed_normal_249.mp4,normal
testbed_selfharm_tool_61.mp4,selfharm
testbed_scratching_arm_31.mp4,selfharm
testbed_punching_wall_119.mp4,selfharm
testbed_hittinghead_floor_15.mp4,selfharm
testbed_choking_cloth_59.mp4,selfharm
testbed_hittinghead_floor_128.mp4,selfharm
testbed_selfharm_tool_7.mp4,selfharm
testbed_scratching_neck_125.mp4,selfharm
testbed_choking_hand_23.mp4,selfharm
testbed_choking_hand_55.mp4,selfharm
testbed_choking_hand_22.mp4,selfharm
testbed_scratching_neck_104.mp4,selfharm
testbed_scratching_neck_43.mp4,selfharm
testbed_normal_426.mp4,normal
testbed_kicking_wall_54.mp4,selfharm
testbed_hittinghead_floor_108.mp4,selfharm
testbed_normal_140.mp4,normal
testbed_hittinghead_wall_71.mp4,selfharm
testbed_normal_471.mp4,normal
testbed_punching_wall_25.mp4,selfharm
testbed_scratching_arm_20.mp4,selfharm
testbed_choking_hand_20.mp4,selfharm
testbed_biting_50.mp4,selfharm
testbed_normal_2.mp4,normal
testbed_normal_336.mp4,normal
testbed_punching_floor_100.mp4,selfharm
testbed_scratching_arm_50.mp4,selfharm
testbed_hittingbody_68.mp4,selfharm
testbed_biting_119.mp4,selfharm
testbed_scratching_arm_159.mp4,selfharm
testbed_normal_424.mp4,normal
testbed_normal_464.mp4,normal
testbed_scratching_arm_103.mp4,selfharm
testbed_normal_24.mp4,normal
testbed_hittinghead_wall_40.mp4,selfharm
testbed_scratching_arm_165.mp4,selfharm
testbed_punching_floor_27.mp4,selfharm
testbed_hittinghead_wall_81.mp4,selfharm
testbed_normal_287.mp4,normal
testbed_normal_14.mp4,normal
testbed_normal_263.mp4,normal
testbed_normal_459.mp4,normal
testbed_biting_54.mp4,selfharm
testbed_hittinghead_floor_76.mp4,selfharm
testbed_hittinghead_floor_88.mp4,selfharm
testbed_scratching_arm_109.mp4,selfharm
testbed_normal_76.mp4,normal
testbed_biting_146.mp4,selfharm
testbed_hittinghead_wall_132.mp4,selfharm
testbed_hittingbody_35.mp4,selfharm
testbed_normal_170.mp4,normal
testbed_biting_26.mp4,selfharm
testbed_biting_156.mp4,selfharm
testbed_normal_435.mp4,normal
testbed_hittinghead_floor_55.mp4,selfharm
testbed_punching_wall_89.mp4,selfharm
testbed_scratching_arm_122.mp4,selfharm
testbed_scratching_neck_13.mp4,selfharm
testbed_normal_394.mp4,normal
testbed_punching_wall_62.mp4,selfharm
testbed_normal_523.mp4,normal
testbed_normal_322.mp4,normal
testbed_punching_wall_50.mp4,selfharm
testbed_hittinghead_floor_136.mp4,selfharm
testbed_hittinghead_wall_112.mp4,selfharm
testbed_hittinghead_floor_12.mp4,selfharm
testbed_punching_wall_7.mp4,selfharm
testbed_biting_95.mp4,selfharm
testbed_normal_197.mp4,normal
testbed_scratching_arm_47.mp4,selfharm
testbed_normal_225.mp4,normal
testbed_normal_224.mp4,normal
testbed_normal_512.mp4,normal
testbed_scratching_neck_22.mp4,selfharm
testbed_biting_151.mp4,selfharm
testbed_choking_hand_2.mp4,selfharm
testbed_punching_wall_108.mp4,selfharm
testbed_selfharm_tool_50.mp4,selfharm
testbed_scratching_neck_12.mp4,selfharm
testbed_normal_421.mp4,normal
testbed_normal_564.mp4,normal
testbed_punching_floor_36.mp4,selfharm
testbed_hittinghead_floor_58.mp4,selfharm
testbed_scratching_neck_56.mp4,selfharm
testbed_scratching_arm_136.mp4,selfharm
testbed_normal_401.mp4,normal
testbed_hittinghead_floor_82.mp4,selfharm
testbed_biting_71.mp4,selfharm
testbed_normal_441.mp4,normal
testbed_scratching_neck_187.mp4,selfharm
testbed_kicking_wall_45.mp4,selfharm
testbed_normal_570.mp4,normal
testbed_kicking_wall_17.mp4,selfharm
testbed_normal_350.mp4,normal
testbed_scratching_arm_40.mp4,selfharm
testbed_scratching_neck_139.mp4,selfharm
testbed_scratching_arm_120.mp4,selfharm
testbed_normal_166.mp4,normal
testbed_scratching_arm_16.mp4,selfharm
testbed_normal_622.mp4,normal
testbed_punching_floor_125.mp4,selfharm
testbed_punching_wall_66.mp4,selfharm
testbed_normal_4.mp4,normal
testbed_selfharm_tool_6.mp4,selfharm
testbed_punching_floor_124.mp4,selfharm
testbed_hittinghead_wall_21.mp4,selfharm
testbed_normal_118.mp4,normal
testbed_normal_99.mp4,normal
testbed_punching_wall_114.mp4,selfharm
testbed_punching_wall_40.mp4,selfharm
testbed_hittinghead_wall_20.mp4,selfharm
testbed_normal_314.mp4,normal
testbed_punching_floor_73.mp4,selfharm
testbed_kicking_wall_63.mp4,selfharm
testbed_scratching_neck_146.mp4,selfharm
testbed_hittinghead_wall_50.mp4,selfharm
testbed_normal_74.mp4,normal
testbed_scratching_neck_77.mp4,selfharm
testbed_normal_297.mp4,normal
testbed_hittinghead_wall_105.mp4,selfharm
testbed_punching_wall_77.mp4,selfharm
testbed_hittinghead_wall_138.mp4,selfharm
testbed_punching_wall_49.mp4,selfharm
testbed_choking_cloth_79.mp4,selfharm
testbed_choking_cloth_76.mp4,selfharm
testbed_normal_316.mp4,normal
testbed_choking_cloth_1.mp4,selfharm
testbed_scratching_neck_189.mp4,selfharm
testbed_scratching_arm_163.mp4,selfharm
testbed_choking_cloth_22.mp4,selfharm
testbed_normal_601.mp4,normal
testbed_hittingbody_65.mp4,selfharm
testbed_punching_floor_115.mp4,selfharm
testbed_biting_28.mp4,selfharm
testbed_hittingbody_50.mp4,selfharm
testbed_normal_481.mp4,normal
testbed_normal_131.mp4,normal
testbed_hittinghead_wall_18.mp4,selfharm
testbed_biting_39.mp4,selfharm
testbed_selfharm_tool_16.mp4,selfharm
testbed_hittingbody_76.mp4,selfharm
testbed_hittinghead_wall_75.mp4,selfharm
testbed_scratching_arm_10.mp4,selfharm
testbed_hittingbody_6.mp4,selfharm
testbed_biting_49.mp4,selfharm
testbed_scratching_neck_132.mp4,selfharm
testbed_choking_hand_70.mp4,selfharm
testbed_normal_80.mp4,normal
testbed_choking_cloth_65.mp4,selfharm
testbed_choking_cloth_84.mp4,selfharm
testbed_scratching_arm_153.mp4,selfharm
testbed_hittinghead_wall_100.mp4,selfharm
testbed_scratching_arm_66.mp4,selfharm
testbed_punching_wall_122.mp4,selfharm
testbed_hittingbody_19.mp4,selfharm
testbed_kicking_wall_2.mp4,selfharm
testbed_hittinghead_wall_129.mp4,selfharm
testbed_normal_532.mp4,normal
testbed_hittingbody_85.mp4,selfharm
testbed_hittingbody_72.mp4,selfharm
testbed_normal_67.mp4,normal
testbed_normal_567.mp4,normal
testbed_normal_382.mp4,normal
testbed_normal_32.mp4,normal
testbed_hittinghead_floor_67.mp4,selfharm
testbed_choking_hand_18.mp4,selfharm
testbed_punching_floor_110.mp4,selfharm
testbed_hittingbody_46.mp4,selfharm
testbed_selfharm_tool_14.mp4,selfharm
testbed_normal_135.mp4,normal
testbed_hittinghead_floor_146.mp4,selfharm
testbed_selfharm_tool_36.mp4,selfharm
testbed_normal_187.mp4,normal
testbed_scratching_neck_41.mp4,selfharm
testbed_scratching_arm_1.mp4,selfharm
testbed_hittingbody_25.mp4,selfharm
testbed_normal_327.mp4,normal
testbed_hittinghead_wall_115.mp4,selfharm
testbed_hittingbody_110.mp4,selfharm
testbed_punching_wall_5.mp4,selfharm
testbed_hittinghead_floor_36.mp4,selfharm
testbed_normal_573.mp4,normal
testbed_scratching_arm_98.mp4,selfharm
testbed_scratching_neck_33.mp4,selfharm
testbed_hittinghead_floor_1.mp4,selfharm
testbed_hittingbody_86.mp4,selfharm
testbed_hittinghead_wall_42.mp4,selfharm
testbed_biting_153.mp4,selfharm
testbed_biting_138.mp4,selfharm
testbed_choking_cloth_25.mp4,selfharm
testbed_scratching_arm_89.mp4,selfharm
testbed_punching_floor_133.mp4,selfharm
testbed_kicking_wall_19.mp4,selfharm
testbed_kicking_wall_38.mp4,selfharm
testbed_choking_hand_35.mp4,selfharm
testbed_hittinghead_wall_53.mp4,selfharm
testbed_hittingbody_49.mp4,selfharm
testbed_punching_wall_102.mp4,selfharm
testbed_scratching_arm_179.mp4,selfharm
testbed_scratching_arm_7.mp4,selfharm
testbed_kicking_wall_51.mp4,selfharm
testbed_hittinghead_floor_95.mp4,selfharm
testbed_punching_floor_111.mp4,selfharm
testbed_choking_hand_4.mp4,selfharm
testbed_biting_147.mp4,selfharm
testbed_punching_wall_24.mp4,selfharm
testbed_punching_wall_113.mp4,selfharm
testbed_choking_cloth_44.mp4,selfharm
testbed_normal_196.mp4,normal
testbed_normal_15.mp4,normal
testbed_normal_511.mp4,normal
testbed_hittinghead_wall_90.mp4,selfharm
testbed_kicking_wall_22.mp4,selfharm
testbed_scratching_neck_54.mp4,selfharm
testbed_hittinghead_wall_65.mp4,selfharm
testbed_hittinghead_wall_143.mp4,selfharm
testbed_punching_floor_67.mp4,selfharm
testbed_scratching_neck_66.mp4,selfharm
testbed_normal_133.mp4,normal
testbed_kicking_wall_58.mp4,selfharm
testbed_selfharm_tool_9.mp4,selfharm
testbed_normal_542.mp4,normal
testbed_biting_157.mp4,selfharm
testbed_hittinghead_wall_126.mp4,selfharm
testbed_selfharm_tool_25.mp4,selfharm
testbed_normal_248.mp4,normal
testbed_hittinghead_floor_69.mp4,selfharm
testbed_punching_wall_28.mp4,selfharm
testbed_kicking_wall_49.mp4,selfharm
testbed_scratching_neck_88.mp4,selfharm
testbed_hittingbody_94.mp4,selfharm
testbed_normal_594.mp4,normal
testbed_normal_388.mp4,normal
testbed_normal_294.mp4,normal
testbed_normal_28.mp4,normal
testbed_punching_wall_54.mp4,selfharm
testbed_choking_cloth_34.mp4,selfharm
testbed_normal_195.mp4,normal
testbed_normal_473.mp4,normal
testbed_normal_536.mp4,normal
testbed_normal_540.mp4,normal
testbed_hittingbody_34.mp4,selfharm
testbed_normal_37.mp4,normal
testbed_normal_313.mp4,normal
testbed_scratching_neck_84.mp4,selfharm
testbed_punching_floor_107.mp4,selfharm
testbed_choking_cloth_8.mp4,selfharm
testbed_normal_79.mp4,normal
testbed_choking_cloth_30.mp4,selfharm
testbed_normal_508.mp4,normal
testbed_normal_453.mp4,normal
testbed_biting_73.mp4,selfharm
testbed_punching_wall_106.mp4,selfharm
testbed_scratching_neck_186.mp4,selfharm
testbed_kicking_wall_75.mp4,selfharm
testbed_hittingbody_73.mp4,selfharm
testbed_normal_367.mp4,normal
testbed_punching_floor_89.mp4,selfharm
testbed_choking_cloth_16.mp4,selfharm
testbed_hittinghead_wall_34.mp4,selfharm
testbed_scratching_neck_172.mp4,selfharm
testbed_hittinghead_floor_20.mp4,selfharm
testbed_scratching_arm_142.mp4,selfharm
testbed_scratching_arm_124.mp4,selfharm
testbed_kicking_wall_20.mp4,selfharm
testbed_kicking_wall_5.mp4,selfharm
testbed_normal_418.mp4,normal
testbed_selfharm_tool_11.mp4,selfharm
testbed_scratching_neck_167.mp4,selfharm
testbed_normal_116.mp4,normal
testbed_hittingbody_120.mp4,selfharm
testbed_normal_596.mp4,normal
testbed_scratching_neck_121.mp4,selfharm
testbed_scratching_arm_81.mp4,selfharm
testbed_normal_539.mp4,normal
testbed_normal_199.mp4,normal
testbed_choking_cloth_55.mp4,selfharm
testbed_normal_222.mp4,normal
testbed_hittinghead_wall_3.mp4,selfharm
testbed_hittingbody_102.mp4,selfharm
testbed_hittingbody_23.mp4,selfharm
testbed_normal_6.mp4,normal
testbed_normal_83.mp4,normal
testbed_scratching_neck_144.mp4,selfharm
testbed_scratching_neck_31.mp4,selfharm
testbed_biting_30.mp4,selfharm
testbed_scratching_neck_46.mp4,selfharm
testbed_hittinghead_floor_43.mp4,selfharm
testbed_choking_cloth_67.mp4,selfharm
testbed_normal_238.mp4,normal
testbed_punching_wall_110.mp4,selfharm
testbed_scratching_neck_109.mp4,selfharm
testbed_scratching_neck_37.mp4,selfharm
testbed_normal_85.mp4,normal
testbed_punching_floor_94.mp4,selfharm
testbed_choking_cloth_17.mp4,selfharm
testbed_normal_10.mp4,normal
testbed_choking_cloth_33.mp4,selfharm
testbed_normal_514.mp4,normal
testbed_biting_127.mp4,selfharm
testbed_hittinghead_floor_2.mp4,selfharm
testbed_scratching_arm_134.mp4,selfharm
testbed_hittinghead_floor_101.mp4,selfharm
testbed_normal_257.mp4,normal
testbed_choking_cloth_3.mp4,selfharm
testbed_normal_163.mp4,normal
testbed_selfharm_tool_23.mp4,selfharm
testbed_normal_461.mp4,normal
testbed_normal_472.mp4,normal
testbed_biting_22.mp4,selfharm
testbed_punching_wall_42.mp4,selfharm
testbed_hittinghead_wall_5.mp4,selfharm
testbed_biting_60.mp4,selfharm
testbed_normal_562.mp4,normal
testbed_normal_361.mp4,normal
testbed_choking_cloth_29.mp4,selfharm
testbed_normal_281.mp4,normal
testbed_normal_301.mp4,normal
testbed_scratching_neck_110.mp4,selfharm
testbed_hittinghead_floor_80.mp4,selfharm
testbed_scratching_arm_52.mp4,selfharm
testbed_normal_245.mp4,normal
testbed_scratching_neck_25.mp4,selfharm
testbed_punching_wall_118.mp4,selfharm
testbed_scratching_arm_4.mp4,selfharm
testbed_choking_hand_15.mp4,selfharm
testbed_normal_1.mp4,normal
testbed_normal_468.mp4,normal
testbed_normal_234.mp4,normal
testbed_hittingbody_89.mp4,selfharm
testbed_normal_333.mp4,normal
testbed_scratching_arm_73.mp4,selfharm
testbed_hittinghead_floor_37.mp4,selfharm
testbed_normal_40.mp4,normal
testbed_hittingbody_59.mp4,selfharm
testbed_normal_42.mp4,normal
testbed_hittinghead_floor_19.mp4,selfharm
testbed_hittinghead_floor_24.mp4,selfharm
testbed_choking_hand_44.mp4,selfharm
testbed_punching_floor_79.mp4,selfharm
testbed_kicking_wall_15.mp4,selfharm
testbed_hittingbody_20.mp4,selfharm
testbed_normal_96.mp4,normal
testbed_selfharm_tool_35.mp4,selfharm
testbed_normal_107.mp4,normal
testbed_punching_floor_7.mp4,selfharm
testbed_normal_407.mp4,normal
testbed_hittingbody_113.mp4,selfharm
testbed_hittingbody_41.mp4,selfharm
testbed_scratching_neck_68.mp4,selfharm
testbed_punching_wall_60.mp4,selfharm
testbed_biting_44.mp4,selfharm
testbed_scratching_arm_96.mp4,selfharm
testbed_scratching_neck_81.mp4,selfharm
testbed_kicking_wall_26.mp4,selfharm
testbed_scratching_arm_181.mp4,selfharm
testbed_biting_20.mp4,selfharm
testbed_normal_623.mp4,normal
testbed_hittinghead_wall_41.mp4,selfharm
testbed_punching_floor_1.mp4,selfharm
testbed_hittinghead_floor_34.mp4,selfharm
testbed_choking_cloth_45.mp4,selfharm
testbed_hittinghead_floor_65.mp4,selfharm
testbed_punching_wall_136.mp4,selfharm
testbed_scratching_neck_27.mp4,selfharm
testbed_normal_470.mp4,normal
testbed_normal_402.mp4,normal
testbed_hittingbody_54.mp4,selfharm
testbed_punching_wall_59.mp4,selfharm
testbed_normal_593.mp4,normal
testbed_biting_101.mp4,selfharm
testbed_scratching_arm_107.mp4,selfharm
testbed_scratching_neck_157.mp4,selfharm
testbed_scratching_neck_102.mp4,selfharm
testbed_normal_450.mp4,normal
testbed_punching_wall_124.mp4,selfharm
testbed_choking_hand_50.mp4,selfharm
testbed_scratching_neck_82.mp4,selfharm
testbed_choking_cloth_36.mp4,selfharm
testbed_normal_605.mp4,normal
testbed_normal_60.mp4,normal
testbed_hittingbody_53.mp4,selfharm
testbed_hittingbody_28.mp4,selfharm
testbed_normal_538.mp4,normal
testbed_hittinghead_floor_49.mp4,selfharm
testbed_punching_wall_81.mp4,selfharm
testbed_normal_101.mp4,normal
testbed_choking_cloth_7.mp4,selfharm
testbed_biting_128.mp4,selfharm
testbed_biting_120.mp4,selfharm
testbed_choking_cloth_18.mp4,selfharm
testbed_scratching_arm_164.mp4,selfharm
testbed_hittinghead_floor_18.mp4,selfharm
testbed_biting_63.mp4,selfharm
testbed_scratching_neck_161.mp4,selfharm
testbed_scratching_neck_50.mp4,selfharm
testbed_normal_413.mp4,normal
testbed_normal_342.mp4,normal
testbed_punching_floor_55.mp4,selfharm
testbed_normal_389.mp4,normal
testbed_scratching_arm_78.mp4,selfharm
testbed_scratching_arm_174.mp4,selfharm
testbed_normal_69.mp4,normal
testbed_hittinghead_wall_111.mp4,selfharm
testbed_hittinghead_wall_70.mp4,selfharm
testbed_biting_103.mp4,selfharm
testbed_scratching_arm_46.mp4,selfharm
testbed_scratching_arm_100.mp4,selfharm
testbed_hittingbody_2.mp4,selfharm
testbed_scratching_neck_113.mp4,selfharm
testbed_hittingbody_77.mp4,selfharm
testbed_normal_334.mp4,normal
testbed_normal_467.mp4,normal
testbed_hittinghead_wall_136.mp4,selfharm
testbed_scratching_neck_29.mp4,selfharm
testbed_normal_164.mp4,normal
testbed_hittingbody_4.mp4,selfharm
testbed_normal_138.mp4,normal
testbed_scratching_neck_16.mp4,selfharm
testbed_scratching_arm_15.mp4,selfharm
testbed_punching_floor_30.mp4,selfharm
testbed_biting_117.mp4,selfharm
testbed_normal_114.mp4,normal
testbed_hittinghead_floor_14.mp4,selfharm
testbed_normal_527.mp4,normal
testbed_normal_491.mp4,normal
testbed_punching_floor_57.mp4,selfharm
testbed_hittingbody_111.mp4,selfharm
testbed_normal_162.mp4,normal
testbed_choking_hand_31.mp4,selfharm
testbed_scratching_arm_62.mp4,selfharm
testbed_scratching_arm_143.mp4,selfharm
testbed_scratching_arm_197.mp4,selfharm
testbed_kicking_wall_3.mp4,selfharm
testbed_hittingbody_47.mp4,selfharm
testbed_hittingbody_37.mp4,selfharm
testbed_selfharm_tool_47.mp4,selfharm
testbed_selfharm_tool_12.mp4,selfharm
testbed_normal_303.mp4,normal
testbed_choking_cloth_43.mp4,selfharm
testbed_scratching_arm_132.mp4,selfharm
testbed_normal_299.mp4,normal
testbed_biting_130.mp4,selfharm
testbed_normal_253.mp4,normal
testbed_choking_hand_11.mp4,selfharm
testbed_kicking_wall_9.mp4,selfharm
testbed_normal_604.mp4,normal
testbed_normal_34.mp4,normal
testbed_biting_115.mp4,selfharm
testbed_normal_183.mp4,normal
testbed_punching_floor_103.mp4,selfharm
testbed_punching_wall_84.mp4,selfharm
testbed_scratching_arm_162.mp4,selfharm
testbed_scratching_arm_186.mp4,selfharm
testbed_scratching_arm_139.mp4,selfharm
testbed_normal_377.mp4,normal
testbed_scratching_neck_87.mp4,selfharm
testbed_punching_wall_45.mp4,selfharm
testbed_normal_51.mp4,normal
testbed_normal_150.mp4,normal
testbed_scratching_arm_131.mp4,selfharm
testbed_selfharm_tool_48.mp4,selfharm
testbed_normal_127.mp4,normal
testbed_hittinghead_wall_19.mp4,selfharm
testbed_choking_hand_66.mp4,selfharm
testbed_normal_555.mp4,normal
testbed_hittinghead_floor_145.mp4,selfharm
testbed_hittinghead_wall_110.mp4,selfharm
testbed_hittinghead_wall_12.mp4,selfharm
testbed_scratching_arm_161.mp4,selfharm
testbed_choking_hand_27.mp4,selfharm
testbed_normal_561.mp4,normal
testbed_hittingbody_107.mp4,selfharm
testbed_hittinghead_floor_135.mp4,selfharm
testbed_normal_497.mp4,normal
testbed_normal_483.mp4,normal
testbed_normal_522.mp4,normal
testbed_normal_368.mp4,normal
testbed_scratching_arm_118.mp4,selfharm
testbed_punching_floor_25.mp4,selfharm
testbed_normal_547.mp4,normal
testbed_hittinghead_floor_117.mp4,selfharm
testbed_punching_floor_43.mp4,selfharm
testbed_kicking_wall_6.mp4,selfharm
testbed_kicking_wall_33.mp4,selfharm
testbed_scratching_arm_37.mp4,selfharm
testbed_normal_448.mp4,normal
testbed_hittingbody_80.mp4,selfharm
testbed_choking_hand_6.mp4,selfharm
testbed_normal_515.mp4,normal
testbed_choking_cloth_82.mp4,selfharm
testbed_hittinghead_floor_89.mp4,selfharm
testbed_normal_261.mp4,normal
testbed_normal_595.mp4,normal
testbed_choking_hand_60.mp4,selfharm
testbed_scratching_neck_80.mp4,selfharm
testbed_normal_549.mp4,normal
testbed_scratching_arm_5.mp4,selfharm
testbed_punching_wall_127.mp4,selfharm
testbed_scratching_neck_183.mp4,selfharm
testbed_normal_274.mp4,normal
testbed_normal_395.mp4,normal
testbed_normal_420.mp4,normal
testbed_punching_wall_56.mp4,selfharm
testbed_normal_227.mp4,normal
testbed_kicking_wall_44.mp4,selfharm
testbed_hittinghead_wall_17.mp4,selfharm
testbed_hittinghead_wall_86.mp4,selfharm
testbed_scratching_neck_89.mp4,selfharm
testbed_punching_floor_21.mp4,selfharm
testbed_biting_85.mp4,selfharm
testbed_punching_floor_108.mp4,selfharm
testbed_choking_hand_14.mp4,selfharm
testbed_punching_floor_98.mp4,selfharm
testbed_normal_376.mp4,normal
testbed_normal_616.mp4,normal
testbed_biting_109.mp4,selfharm
testbed_punching_floor_28.mp4,selfharm
testbed_biting_35.mp4,selfharm
testbed_scratching_neck_28.mp4,selfharm
testbed_scratching_arm_171.mp4,selfharm
testbed_normal_243.mp4,normal
testbed_choking_cloth_2.mp4,selfharm
testbed_scratching_arm_59.mp4,selfharm
testbed_choking_hand_58.mp4,selfharm
testbed_normal_607.mp4,normal
testbed_normal_366.mp4,normal
testbed_hittinghead_wall_61.mp4,selfharm
testbed_hittingbody_57.mp4,selfharm
testbed_kicking_wall_61.mp4,selfharm
testbed_normal_156.mp4,normal
testbed_normal_331.mp4,normal
testbed_punching_wall_75.mp4,selfharm
testbed_choking_cloth_89.mp4,selfharm
testbed_punching_floor_34.mp4,selfharm
testbed_biting_58.mp4,selfharm
testbed_hittingbody_48.mp4,selfharm
testbed_choking_cloth_90.mp4,selfharm
testbed_punching_floor_105.mp4,selfharm
testbed_normal_489.mp4,normal
testbed_hittingbody_10.mp4,selfharm
testbed_hittinghead_wall_133.mp4,selfharm
testbed_hittinghead_floor_111.mp4,selfharm
testbed_normal_77.mp4,normal
testbed_scratching_neck_143.mp4,selfharm
testbed_normal_72.mp4,normal
testbed_choking_cloth_75.mp4,selfharm
testbed_hittingbody_105.mp4,selfharm
testbed_punching_floor_136.mp4,selfharm
testbed_selfharm_tool_30.mp4,selfharm
testbed_hittingbody_126.mp4,selfharm
testbed_hittinghead_wall_9.mp4,selfharm
testbed_normal_182.mp4,normal
testbed_choking_hand_59.mp4,selfharm
testbed_scratching_arm_175.mp4,selfharm
testbed_normal_478.mp4,normal
testbed_choking_hand_13.mp4,selfharm
testbed_hittinghead_wall_33.mp4,selfharm
testbed_kicking_wall_13.mp4,selfharm
testbed_normal_326.mp4,normal
testbed_normal_372.mp4,normal
testbed_normal_385.mp4,normal
testbed_kicking_wall_73.mp4,selfharm
testbed_normal_142.mp4,normal
testbed_normal_356.mp4,normal
testbed_selfharm_tool_39.mp4,selfharm
testbed_normal_447.mp4,normal
testbed_punching_floor_116.mp4,selfharm
testbed_normal_583.mp4,normal
testbed_normal_500.mp4,normal
testbed_scratching_arm_76.mp4,selfharm
testbed_normal_621.mp4,normal
testbed_scratching_neck_150.mp4,selfharm
testbed_biting_122.mp4,selfharm
testbed_scratching_arm_8.mp4,selfharm
testbed_hittinghead_floor_70.mp4,selfharm
testbed_normal_231.mp4,normal
testbed_scratching_arm_102.mp4,selfharm
testbed_scratching_arm_204.mp4,selfharm
testbed_scratching_neck_131.mp4,selfharm
testbed_punching_floor_2.mp4,selfharm
testbed_punching_wall_87.mp4,selfharm
testbed_hittinghead_floor_62.mp4,selfharm
testbed_choking_hand_42.mp4,selfharm
testbed_hittingbody_116.mp4,selfharm
testbed_hittinghead_wall_63.mp4,selfharm
testbed_choking_hand_63.mp4,selfharm
testbed_normal_192.mp4,normal
testbed_normal_168.mp4,normal
testbed_hittinghead_wall_113.mp4,selfharm
testbed_normal_543.mp4,normal
testbed_normal_369.mp4,normal
testbed_hittinghead_floor_91.mp4,selfharm
testbed_hittingbody_128.mp4,selfharm
testbed_normal_553.mp4,normal
testbed_punching_wall_52.mp4,selfharm
testbed_normal_237.mp4,normal
testbed_kicking_wall_57.mp4,selfharm
testbed_normal_580.mp4,normal
testbed_hittinghead_floor_132.mp4,selfharm
testbed_scratching_neck_55.mp4,selfharm
testbed_normal_533.mp4,normal
testbed_normal_66.mp4,normal
testbed_hittingbody_79.mp4,selfharm
testbed_normal_91.mp4,normal
testbed_scratching_arm_199.mp4,selfharm
testbed_punching_floor_32.mp4,selfharm
testbed_choking_cloth_38.mp4,selfharm
testbed_punching_floor_5.mp4,selfharm
testbed_normal_391.mp4,normal
testbed_choking_hand_68.mp4,selfharm
testbed_biting_106.mp4,selfharm
testbed_hittinghead_wall_122.mp4,selfharm
testbed_biting_11.mp4,selfharm
testbed_hittingbody_75.mp4,selfharm
testbed_normal_455.mp4,normal
testbed_scratching_arm_144.mp4,selfharm
testbed_normal_161.mp4,normal
testbed_hittinghead_wall_38.mp4,selfharm
testbed_scratching_neck_192.mp4,selfharm
testbed_hittingbody_12.mp4,selfharm
testbed_scratching_neck_142.mp4,selfharm
testbed_hittinghead_floor_54.mp4,selfharm
testbed_punching_wall_41.mp4,selfharm
testbed_choking_hand_33.mp4,selfharm
testbed_normal_504.mp4,normal
testbed_scratching_neck_174.mp4,selfharm
testbed_kicking_wall_12.mp4,selfharm
testbed_hittinghead_floor_78.mp4,selfharm
testbed_scratching_neck_164.mp4,selfharm
testbed_biting_51.mp4,selfharm
testbed_hittinghead_floor_60.mp4,selfharm
testbed_hittinghead_floor_31.mp4,selfharm
testbed_punching_floor_54.mp4,selfharm
testbed_hittingbody_125.mp4,selfharm
testbed_scratching_neck_24.mp4,selfharm
testbed_hittinghead_wall_119.mp4,selfharm
testbed_hittinghead_floor_133.mp4,selfharm
testbed_biting_132.mp4,selfharm
testbed_hittinghead_floor_13.mp4,selfharm
testbed_scratching_arm_133.mp4,selfharm
testbed_punching_wall_30.mp4,selfharm
testbed_biting_89.mp4,selfharm
testbed_scratching_arm_58.mp4,selfharm
testbed_hittinghead_floor_85.mp4,selfharm
testbed_punching_wall_95.mp4,selfharm
testbed_punching_wall_47.mp4,selfharm
testbed_scratching_arm_127.mp4,selfharm
testbed_punching_wall_57.mp4,selfharm
testbed_punching_floor_61.mp4,selfharm
testbed_punching_floor_75.mp4,selfharm
testbed_normal_198.mp4,normal
testbed_normal_363.mp4,normal
testbed_normal_572.mp4,normal
testbed_choking_cloth_42.mp4,selfharm
testbed_punching_floor_128.mp4,selfharm
testbed_normal_343.mp4,normal
testbed_normal_433.mp4,normal
testbed_hittinghead_wall_1.mp4,selfharm
testbed_biting_32.mp4,selfharm
testbed_normal_545.mp4,normal
testbed_normal_272.mp4,normal
testbed_scratching_neck_86.mp4,selfharm
testbed_scratching_arm_84.mp4,selfharm
testbed_normal_446.mp4,normal
testbed_hittinghead_floor_68.mp4,selfharm
testbed_biting_77.mp4,selfharm
testbed_normal_457.mp4,normal
testbed_punching_floor_95.mp4,selfharm
testbed_normal_279.mp4,normal
testbed_hittingbody_14.mp4,selfharm
testbed_punching_floor_78.mp4,selfharm
testbed_punching_floor_135.mp4,selfharm
testbed_scratching_arm_88.mp4,selfharm
testbed_scratching_arm_128.mp4,selfharm
testbed_hittingbody_9.mp4,selfharm
testbed_normal_228.mp4,normal
testbed_hittingbody_114.mp4,selfharm
testbed_hittinghead_wall_58.mp4,selfharm
testbed_normal_492.mp4,normal
testbed_selfharm_tool_46.mp4,selfharm
testbed_normal_380.mp4,normal
testbed_biting_76.mp4,selfharm
testbed_hittinghead_wall_10.mp4,selfharm
testbed_kicking_wall_36.mp4,selfharm
testbed_scratching_neck_120.mp4,selfharm
testbed_kicking_wall_21.mp4,selfharm
testbed_normal_578.mp4,normal
testbed_hittinghead_floor_16.mp4,selfharm
testbed_normal_332.mp4,normal
testbed_punching_floor_46.mp4,selfharm
testbed_normal_54.mp4,normal
testbed_hittingbody_115.mp4,selfharm
testbed_scratching_arm_80.mp4,selfharm
testbed_normal_285.mp4,normal
testbed_punching_wall_109.mp4,selfharm
testbed_punching_wall_80.mp4,selfharm
testbed_scratching_arm_39.mp4,selfharm
testbed_scratching_arm_99.mp4,selfharm
testbed_hittinghead_floor_107.mp4,selfharm
testbed_normal_113.mp4,normal
testbed_selfharm_tool_18.mp4,selfharm
testbed_normal_75.mp4,normal
testbed_hittinghead_wall_2.mp4,selfharm
testbed_punching_floor_15.mp4,selfharm
testbed_hittinghead_floor_46.mp4,selfharm
testbed_biting_3.mp4,selfharm
testbed_hittinghead_wall_139.mp4,selfharm
testbed_normal_325.mp4,normal
testbed_normal_589.mp4,normal
testbed_normal_379.mp4,normal
testbed_hittinghead_wall_134.mp4,selfharm
testbed_biting_61.mp4,selfharm
testbed_scratching_arm_83.mp4,selfharm
testbed_normal_438.mp4,normal
testbed_normal_208.mp4,normal
testbed_normal_619.mp4,normal
testbed_punching_wall_137.mp4,selfharm
testbed_punching_wall_6.mp4,selfharm
testbed_normal_530.mp4,normal
testbed_choking_hand_46.mp4,selfharm
testbed_normal_386.mp4,normal
testbed_choking_cloth_57.mp4,selfharm
testbed_punching_floor_92.mp4,selfharm
testbed_hittingbody_31.mp4,selfharm
testbed_selfharm_tool_24.mp4,selfharm
testbed_biting_59.mp4,selfharm
testbed_choking_hand_1.mp4,selfharm
testbed_normal_240.mp4,normal
testbed_normal_210.mp4,normal
testbed_kicking_wall_10.mp4,selfharm
testbed_hittinghead_floor_75.mp4,selfharm
testbed_normal_185.mp4,normal
testbed_biting_145.mp4,selfharm
testbed_hittingbody_13.mp4,selfharm
testbed_scratching_neck_90.mp4,selfharm
testbed_scratching_arm_200.mp4,selfharm
testbed_punching_wall_2.mp4,selfharm
testbed_hittinghead_wall_25.mp4,selfharm
testbed_scratching_neck_175.mp4,selfharm
testbed_normal_584.mp4,normal
testbed_normal_445.mp4,normal
testbed_scratching_arm_101.mp4,selfharm
testbed_normal_575.mp4,normal
testbed_scratching_neck_79.mp4,selfharm
testbed_punching_floor_50.mp4,selfharm
testbed_hittinghead_wall_43.mp4,selfharm
testbed_normal_311.mp4,normal
testbed_kicking_wall_59.mp4,selfharm
testbed_scratching_neck_185.mp4,selfharm
testbed_normal_518.mp4,normal
testbed_hittingbody_18.mp4,selfharm
testbed_hittinghead_wall_31.mp4,selfharm
testbed_biting_65.mp4,selfharm
testbed_selfharm_tool_21.mp4,selfharm
testbed_hittingbody_67.mp4,selfharm
testbed_hittinghead_floor_29.mp4,selfharm
testbed_hittinghead_floor_41.mp4,selfharm
testbed_scratching_arm_145.mp4,selfharm
testbed_punching_floor_117.mp4,selfharm
testbed_scratching_neck_169.mp4,selfharm
testbed_normal_546.mp4,normal
testbed_scratching_arm_155.mp4,selfharm
testbed_normal_371.mp4,normal
testbed_hittinghead_wall_109.mp4,selfharm
testbed_hittingbody_123.mp4,selfharm
testbed_hittinghead_wall_89.mp4,selfharm
testbed_normal_244.mp4,normal
testbed_normal_307.mp4,normal
testbed_normal_390.mp4,normal
testbed_normal_586.mp4,normal
testbed_punching_floor_62.mp4,selfharm
testbed_hittinghead_floor_7.mp4,selfharm
testbed_choking_cloth_50.mp4,selfharm
testbed_hittinghead_floor_90.mp4,selfharm
testbed_hittinghead_wall_15.mp4,selfharm
testbed_selfharm_tool_8.mp4,selfharm
testbed_hittinghead_floor_127.mp4,selfharm
testbed_normal_207.mp4,normal
testbed_normal_509.mp4,normal
testbed_scratching_arm_203.mp4,selfharm
testbed_normal_189.mp4,normal
testbed_scratching_arm_187.mp4,selfharm
testbed_biting_29.mp4,selfharm
testbed_scratching_arm_146.mp4,selfharm
testbed_punching_floor_12.mp4,selfharm
testbed_choking_cloth_73.mp4,selfharm
testbed_normal_17.mp4,normal
testbed_hittinghead_floor_73.mp4,selfharm
testbed_scratching_arm_34.mp4,selfharm
testbed_scratching_neck_165.mp4,selfharm
testbed_punching_wall_11.mp4,selfharm
testbed_hittinghead_wall_114.mp4,selfharm
testbed_choking_cloth_54.mp4,selfharm
testbed_normal_347.mp4,normal
testbed_scratching_neck_91.mp4,selfharm
testbed_scratching_arm_74.mp4,selfharm
testbed_scratching_arm_65.mp4,selfharm
testbed_normal_576.mp4,normal
testbed_normal_494.mp4,normal
testbed_normal_624.mp4,normal
testbed_punching_wall_142.mp4,selfharm
testbed_punching_floor_70.mp4,selfharm
testbed_normal_419.mp4,normal
testbed_normal_516.mp4,normal
testbed_punching_floor_66.mp4,selfharm
testbed_scratching_neck_52.mp4,selfharm
testbed_hittinghead_floor_32.mp4,selfharm
testbed_normal_250.mp4,normal
testbed_scratching_arm_21.mp4,selfharm
testbed_selfharm_tool_33.mp4,selfharm
testbed_scratching_neck_135.mp4,selfharm
testbed_normal_132.mp4,normal
testbed_punching_wall_44.mp4,selfharm
testbed_normal_482.mp4,normal
testbed_scratching_arm_25.mp4,selfharm
testbed_hittingbody_93.mp4,selfharm
testbed_normal_300.mp4,normal
testbed_hittinghead_wall_99.mp4,selfharm
testbed_punching_floor_51.mp4,selfharm
testbed_choking_hand_57.mp4,selfharm
testbed_punching_floor_122.mp4,selfharm
testbed_scratching_arm_48.mp4,selfharm
testbed_normal_432.mp4,normal
testbed_scratching_arm_12.mp4,selfharm
testbed_hittinghead_floor_103.mp4,selfharm
testbed_normal_397.mp4,normal
testbed_normal_137.mp4,normal
testbed_hittinghead_wall_94.mp4,selfharm
testbed_hittinghead_wall_97.mp4,selfharm
testbed_hittinghead_wall_39.mp4,selfharm
testbed_hittinghead_floor_142.mp4,selfharm
testbed_hittingbody_22.mp4,selfharm
testbed_hittinghead_floor_143.mp4,selfharm
testbed_hittinghead_floor_104.mp4,selfharm
testbed_normal_558.mp4,normal
testbed_punching_floor_4.mp4,selfharm
testbed_hittingbody_61.mp4,selfharm
testbed_normal_190.mp4,normal
testbed_normal_324.mp4,normal
testbed_hittingbody_98.mp4,selfharm
testbed_normal_490.mp4,normal
testbed_normal_423.mp4,normal
testbed_choking_cloth_80.mp4,selfharm
testbed_biting_111.mp4,selfharm
testbed_scratching_neck_162.mp4,selfharm
testbed_normal_33.mp4,normal
testbed_hittinghead_floor_3.mp4,selfharm
testbed_hittinghead_floor_63.mp4,selfharm
testbed_normal_485.mp4,normal
testbed_hittinghead_wall_6.mp4,selfharm
testbed_normal_63.mp4,normal
testbed_hittinghead_floor_48.mp4,selfharm
testbed_hittinghead_wall_91.mp4,selfharm
testbed_hittingbody_88.mp4,selfharm
testbed_normal_214.mp4,normal
testbed_normal_476.mp4,normal
testbed_punching_wall_90.mp4,selfharm
testbed_hittingbody_103.mp4,selfharm
testbed_normal_531.mp4,normal
testbed_normal_19.mp4,normal
testbed_kicking_wall_47.mp4,selfharm
testbed_choking_cloth_88.mp4,selfharm
testbed_normal_122.mp4,normal
testbed_choking_hand_36.mp4,selfharm
testbed_scratching_arm_156.mp4,selfharm
testbed_scratching_arm_190.mp4,selfharm
testbed_hittingbody_51.mp4,selfharm
testbed_normal_146.mp4,normal
testbed_biting_56.mp4,selfharm
testbed_normal_117.mp4,normal
testbed_biting_155.mp4,selfharm
testbed_normal_230.mp4,normal
testbed_normal_152.mp4,normal
testbed_hittingbody_40.mp4,selfharm
testbed_normal_153.mp4,normal
testbed_normal_425.mp4,normal
testbed_kicking_wall_55.mp4,selfharm
testbed_hittingbody_58.mp4,selfharm
testbed_punching_wall_26.mp4,selfharm
testbed_biting_93.mp4,selfharm
testbed_biting_69.mp4,selfharm
testbed_selfharm_tool_1.mp4,selfharm
testbed_punching_floor_18.mp4,selfharm
testbed_choking_hand_48.mp4,selfharm
testbed_scratching_neck_92.mp4,selfharm
testbed_normal_158.mp4,normal
testbed_normal_443.mp4,normal
testbed_choking_cloth_72.mp4,selfharm
testbed_punching_wall_23.mp4,selfharm
testbed_scratching_arm_53.mp4,selfharm
testbed_hittinghead_floor_21.mp4,selfharm
testbed_selfharm_tool_45.mp4,selfharm
testbed_scratching_arm_151.mp4,selfharm
testbed_normal_121.mp4,normal
testbed_biting_88.mp4,selfharm
testbed_biting_42.mp4,selfharm
testbed_punching_wall_112.mp4,selfharm
testbed_punching_floor_39.mp4,selfharm
testbed_normal_264.mp4,normal
testbed_selfharm_tool_55.mp4,selfharm
testbed_scratching_arm_191.mp4,selfharm
testbed_scratching_arm_140.mp4,selfharm
testbed_punching_floor_106.mp4,selfharm
testbed_kicking_wall_39.mp4,selfharm
testbed_scratching_neck_47.mp4,selfharm
testbed_punching_floor_77.mp4,selfharm
testbed_normal_283.mp4,normal
testbed_hittingbody_81.mp4,selfharm
testbed_hittinghead_wall_84.mp4,selfharm
testbed_choking_hand_19.mp4,selfharm
testbed_normal_174.mp4,normal
testbed_selfharm_tool_13.mp4,selfharm
testbed_punching_floor_19.mp4,selfharm
testbed_normal_97.mp4,normal
testbed_choking_cloth_51.mp4,selfharm
testbed_kicking_wall_70.mp4,selfharm
testbed_choking_hand_25.mp4,selfharm
testbed_punching_floor_22.mp4,selfharm
testbed_normal_254.mp4,normal
testbed_hittinghead_wall_28.mp4,selfharm
testbed_choking_hand_21.mp4,selfharm
testbed_punching_wall_125.mp4,selfharm
testbed_normal_194.mp4,normal
testbed_punching_wall_34.mp4,selfharm
testbed_scratching_neck_35.mp4,selfharm
testbed_scratching_arm_19.mp4,selfharm
testbed_normal_503.mp4,normal
testbed_normal_89.mp4,normal
testbed_normal_209.mp4,normal
testbed_hittinghead_floor_139.mp4,selfharm
testbed_punching_wall_55.mp4,selfharm
testbed_biting_38.mp4,selfharm
testbed_hittingbody_45.mp4,selfharm
testbed_normal_242.mp4,normal
testbed_choking_cloth_14.mp4,selfharm
testbed_hittinghead_wall_127.mp4,selfharm
testbed_normal_266.mp4,normal
testbed_normal_466.mp4,normal
testbed_hittinghead_floor_42.mp4,selfharm
testbed_scratching_neck_32.mp4,selfharm
testbed_choking_hand_10.mp4,selfharm
testbed_kicking_wall_7.mp4,selfharm
testbed_selfharm_tool_56.mp4,selfharm
testbed_biting_100.mp4,selfharm
testbed_normal_56.mp4,normal
testbed_normal_398.mp4,normal
testbed_normal_98.mp4,normal
testbed_punching_floor_91.mp4,selfharm
testbed_normal_614.mp4,normal
testbed_kicking_wall_64.mp4,selfharm
testbed_normal_321.mp4,normal
testbed_kicking_wall_60.mp4,selfharm
testbed_hittinghead_floor_79.mp4,selfharm
testbed_normal_267.mp4,normal
testbed_hittingbody_16.mp4,selfharm
testbed_choking_hand_47.mp4,selfharm
testbed_normal_574.mp4,normal
testbed_punching_floor_82.mp4,selfharm
testbed_normal_571.mp4,normal
testbed_scratching_neck_38.mp4,selfharm
testbed_normal_169.mp4,normal
testbed_punching_wall_68.mp4,selfharm
testbed_kicking_wall_40.mp4,selfharm
testbed_normal_507.mp4,normal
testbed_hittinghead_wall_116.mp4,selfharm
testbed_choking_cloth_64.mp4,selfharm
testbed_hittinghead_wall_30.mp4,selfharm
testbed_scratching_neck_19.mp4,selfharm
testbed_biting_81.mp4,selfharm
testbed_hittinghead_floor_59.mp4,selfharm
testbed_scratching_arm_202.mp4,selfharm
testbed_scratching_arm_137.mp4,selfharm
testbed_biting_91.mp4,selfharm
testbed_scratching_arm_184.mp4,selfharm
testbed_normal_520.mp4,normal
testbed_selfharm_tool_26.mp4,selfharm
testbed_biting_13.mp4,selfharm
testbed_scratching_arm_114.mp4,selfharm
testbed_choking_cloth_48.mp4,selfharm
testbed_biting_104.mp4,selfharm
testbed_normal_193.mp4,normal
testbed_punching_wall_32.mp4,selfharm
testbed_normal_88.mp4,normal
testbed_choking_cloth_32.mp4,selfharm
testbed_punching_floor_56.mp4,selfharm
testbed_choking_hand_43.mp4,selfharm
testbed_scratching_arm_55.mp4,selfharm
testbed_normal_537.mp4,normal
testbed_hittinghead_floor_144.mp4,selfharm
testbed_hittinghead_wall_98.mp4,selfharm
testbed_normal_505.mp4,normal
testbed_normal_126.mp4,normal
testbed_punching_wall_43.mp4,selfharm
testbed_normal_337.mp4,normal
testbed_choking_cloth_12.mp4,selfharm
testbed_hittinghead_wall_45.mp4,selfharm
testbed_biting_90.mp4,selfharm
testbed_hittingbody_5.mp4,selfharm
testbed_kicking_wall_16.mp4,selfharm
